subscription_id,customer_id,month,monthly_fee
S-1020-202410,1020,2024-10,200
S-1020-202411,1020,2024-11,200
S-1020-202412,1020,2024-12,200
S-1020-202501,1020,2025-01,200
S-1020-202502,1020,2025-02,200
S-1020-202503,1020,2025-03,200
S-1020-202504,1020,2025-04,200
S-1021-202404,1021,2024-04,200
S-1021-202405,1021,2024-05,200
S-1023-202412,1023,2024-12,50
S-1023-202501,1023,2025-01,50
S-1023-202502,1023,2025-02,50
S-1023-202503,1023,2025-03,50
S-1023-202504,1023,2025-04,50
S-1023-202505,1023,2025-05,50
S-1023-202506,1023,2025-06,50
S-1026-202503,1026,2025-03,200
S-1026-202504,1026,2025-04,200
S-1026-202505,1026,2025-05,200
S-1031-202404,1031,2024-04,200
S-1031-202405,1031,2024-05,200
S-1031-202406,1031,2024-06,200
S-1031-202407,1031,2024-07,200
S-1031-202408,1031,2024-08,200
S-1031-202409,1031,2024-09,200
S-1031-202410,1031,2024-10,200
S-1031-202411,1031,2024-11,200
S-1031-202412,1031,2024-12,200
S-1034-202404,1034,2024-04,50
S-1034-202405,1034,2024-05,50
S-1034-202406,1034,2024-06,50
S-1034-202407,1034,2024-07,50
S-1034-202408,1034,2024-08,50
S-1034-202409,1034,2024-09,50
S-1034-202410,1034,2024-10,50
S-1034-202411,1034,2024-11,50
S-1034-202412,1034,2024-12,50
S-1034-202501,1034,2025-01,50
S-1034-202502,1034,2025-02,50
S-1034-202503,1034,2025-03,50
S-1034-202504,1034,2025-04,50
S-1035-202407,1035,2024-07,50
S-1035-202408,1035,2024-08,50
S-1035-202409,1035,2024-09,50
S-1035-202410,1035,2024-10,50
S-1035-202411,1035,2024-11,50
S-1035-202412,1035,2024-12,50
S-1035-202501,1035,2025-01,50
S-1035-202502,1035,2025-02,50
S-1035-202503,1035,2025-03,50
S-1035-202504,1035,2025-04,50
S-1042-202404,1042,2024-04,200
S-1042-202405,1042,2024-05,200
S-1042-202406,1042,2024-06,200
S-1042-202407,1042,2024-07,200
S-1042-202408,1042,2024-08,200
S-1042-202409,1042,2024-09,200
S-1042-202410,1042,2024-10,200
S-1042-202411,1042,2024-11,200
S-1042-202412,1042,2024-12,200
S-1042-202501,1042,2025-01,200
S-1042-202502,1042,2025-02,200
S-1042-202503,1042,2025-03,200
S-1043-202501,1043,2025-01,500
S-1043-202502,1043,2025-02,500
S-1047-202501,1047,2025-01,50
S-1047-202502,1047,2025-02,50
S-1047-202503,1047,2025-03,50
S-1047-202504,1047,2025-04,50
S-1056-202410,1056,2024-10,200
S-1056-202411,1056,2024-11,200
S-1056-202412,1056,2024-12,200
S-1060-202503,1060,2025-03,50
S-1060-202504,1060,2025-04,50
S-1060-202505,1060,2025-05,50
S-1062-202505,1062,2025-05,200
S-1074-202408,1074,2024-08,500
S-1074-202409,1074,2024-09,500
S-1074-202410,1074,2024-10,500
S-1074-202411,1074,2024-11,500
S-1074-202412,1074,2024-12,500
S-1074-202501,1074,2025-01,500
S-1074-202502,1074,2025-02,500
S-1074-202503,1074,2025-03,500
S-1074-202504,1074,2025-04,500
S-1074-202505,1074,2025-05,500
S-1075-202410,1075,2024-10,500
S-1075-202411,1075,2024-11,500
S-1075-202412,1075,2024-12,500
S-1075-202501,1075,2025-01,500
S-1075-202502,1075,2025-02,500
S-1075-202503,1075,2025-03,500
S-1075-202504,1075,2025-04,500
S-1075-202505,1075,2025-05,500
S-1075-202506,1075,2025-06,500
S-1085-202410,1085,2024-10,50
S-1085-202411,1085,2024-11,50
S-1085-202412,1085,2024-12,50
S-1085-202501,1085,2025-01,50
S-1085-202502,1085,2025-02,50
S-1085-202503,1085,2025-03,50
S-1085-202504,1085,2025-04,50
S-1095-202405,1095,2024-05,500
S-1095-202406,1095,2024-06,500
S-1095-202407,1095,2024-07,500
S-1095-202408,1095,2024-08,500
S-1119-202407,1119,2024-07,500
S-1119-202408,1119,2024-08,500
S-1119-202409,1119,2024-09,500
S-1119-202410,1119,2024-10,500
S-1119-202411,1119,2024-11,500
S-1119-202412,1119,2024-12,500
S-1119-202501,1119,2025-01,500
S-1119-202502,1119,2025-02,500
S-1119-202503,1119,2025-03,500
S-1120-202408,1120,2024-08,500
S-1120-202409,1120,2024-09,500
S-1120-202410,1120,2024-10,500
S-1120-202411,1120,2024-11,500
S-1120-202412,1120,2024-12,500
S-1120-202501,1120,2025-01,500
S-1120-202502,1120,2025-02,500
S-1125-202408,1125,2024-08,500
S-1125-202409,1125,2024-09,500
S-1125-202410,1125,2024-10,500
S-1125-202411,1125,2024-11,500
S-1125-202412,1125,2024-12,500
S-1132-202411,1132,2024-11,50
S-1132-202412,1132,2024-12,50
S-1132-202501,1132,2025-01,50
S-1132-202502,1132,2025-02,50
S-1132-202503,1132,2025-03,50
S-1132-202504,1132,2025-04,50
S-1137-202401,1137,2024-01,50
S-1143-202404,1143,2024-04,200
S-1143-202405,1143,2024-05,200
S-1143-202406,1143,2024-06,200
S-1143-202407,1143,2024-07,200
S-1143-202408,1143,2024-08,200
S-1143-202409,1143,2024-09,200
S-1143-202410,1143,2024-10,200
S-1143-202411,1143,2024-11,200
S-1143-202412,1143,2024-12,200
S-1143-202501,1143,2025-01,200
S-1151-202407,1151,2024-07,500
S-1151-202408,1151,2024-08,500
S-1151-202409,1151,2024-09,500
S-1151-202410,1151,2024-10,500
S-1151-202411,1151,2024-11,500
S-1151-202412,1151,2024-12,500
S-1151-202501,1151,2025-01,500
S-1151-202502,1151,2025-02,500
S-1151-202503,1151,2025-03,500
S-1151-202504,1151,2025-04,500
S-1154-202506,1154,2025-06,50
S-1167-202401,1167,2024-01,500
S-1167-202402,1167,2024-02,500
S-1167-202403,1167,2024-03,500
S-1167-202404,1167,2024-04,500
S-1167-202405,1167,2024-05,500
S-1167-202406,1167,2024-06,500
S-1167-202407,1167,2024-07,500
S-1167-202408,1167,2024-08,500
S-1167-202409,1167,2024-09,500
S-1167-202410,1167,2024-10,500
S-1167-202411,1167,2024-11,500
S-1167-202412,1167,2024-12,500
S-1167-202501,1167,2025-01,500
S-1175-202407,1175,2024-07,500
S-1175-202408,1175,2024-08,500
S-1178-202501,1178,2025-01,50
S-1178-202502,1178,2025-02,50
S-1181-202401,1181,2024-01,50
S-1181-202402,1181,2024-02,50
S-1181-202403,1181,2024-03,50
S-1181-202404,1181,2024-04,50
S-1181-202405,1181,2024-05,50
S-1185-202412,1185,2024-12,200
S-1185-202501,1185,2025-01,200
S-1185-202502,1185,2025-02,200
S-1185-202503,1185,2025-03,200
S-1185-202504,1185,2025-04,200
S-1185-202505,1185,2025-05,200
S-1185-202506,1185,2025-06,200
S-1188-202407,1188,2024-07,200
S-1188-202408,1188,2024-08,200
S-1188-202409,1188,2024-09,200
S-1193-202401,1193,2024-01,200
S-1193-202402,1193,2024-02,200
S-1193-202403,1193,2024-03,200
S-1193-202404,1193,2024-04,200
S-1193-202405,1193,2024-05,200
S-1193-202406,1193,2024-06,200
S-1193-202407,1193,2024-07,200
S-1193-202408,1193,2024-08,200
S-1193-202409,1193,2024-09,200
S-1193-202410,1193,2024-10,200
S-1193-202411,1193,2024-11,200
S-1193-202412,1193,2024-12,200
S-1193-202501,1193,2025-01,200
S-1193-202502,1193,2025-02,200
S-1193-202503,1193,2025-03,200
S-1197-202503,1197,2025-03,50
S-1197-202504,1197,2025-04,50
S-1197-202505,1197,2025-05,50
S-1197-202506,1197,2025-06,50
S-1200-202403,1200,2024-03,200
S-1200-202404,1200,2024-04,200
S-1200-202405,1200,2024-05,200
S-1200-202406,1200,2024-06,200
S-1200-202407,1200,2024-07,200
S-1200-202408,1200,2024-08,200
S-1200-202409,1200,2024-09,200
S-1200-202410,1200,2024-10,200
S-1200-202411,1200,2024-11,200
S-1200-202412,1200,2024-12,200
S-1200-202501,1200,2025-01,200
S-1200-202502,1200,2025-02,200
S-1200-202503,1200,2025-03,200
S-1200-202504,1200,2025-04,200
S-1200-202505,1200,2025-05,200
S-1210-202408,1210,2024-08,500
S-1210-202409,1210,2024-09,500
S-1210-202410,1210,2024-10,500
S-1210-202411,1210,2024-11,500
S-1210-202412,1210,2024-12,500
S-1210-202501,1210,2025-01,500
S-1210-202502,1210,2025-02,500
S-1214-202403,1214,2024-03,500
S-1214-202404,1214,2024-04,500
S-1214-202405,1214,2024-05,500
S-1214-202406,1214,2024-06,500
S-1214-202407,1214,2024-07,500
S-1214-202408,1214,2024-08,500
S-1214-202409,1214,2024-09,500
S-1214-202410,1214,2024-10,500
S-1214-202411,1214,2024-11,500
S-1220-202403,1220,2024-03,50
S-1220-202404,1220,2024-04,50
S-1220-202405,1220,2024-05,50
S-1220-202406,1220,2024-06,50
S-1220-202407,1220,2024-07,50
S-1220-202408,1220,2024-08,50
S-1220-202409,1220,2024-09,50
S-1220-202410,1220,2024-10,50
S-1222-202402,1222,2024-02,200
S-1222-202403,1222,2024-03,200
S-1222-202404,1222,2024-04,200
S-1222-202405,1222,2024-05,200
S-1222-202406,1222,2024-06,200
S-1222-202407,1222,2024-07,200
S-1222-202408,1222,2024-08,200
S-1222-202409,1222,2024-09,200
S-1222-202410,1222,2024-10,200
S-1222-202411,1222,2024-11,200
S-1222-202412,1222,2024-12,200
S-1222-202501,1222,2025-01,200
S-1222-202502,1222,2025-02,200
S-1222-202503,1222,2025-03,200
S-1223-202502,1223,2025-02,500
S-1223-202503,1223,2025-03,500
S-1223-202504,1223,2025-04,500
S-1225-202506,1225,2025-06,500
S-1226-202410,1226,2024-10,50
S-1226-202411,1226,2024-11,50
S-1226-202412,1226,2024-12,50
S-1226-202501,1226,2025-01,50
S-1226-202502,1226,2025-02,50
S-1226-202503,1226,2025-03,50
S-1229-202501,1229,2025-01,500
S-1229-202502,1229,2025-02,500
S-1229-202503,1229,2025-03,500
S-1229-202504,1229,2025-04,500
S-1234-202410,1234,2024-10,50
S-1234-202411,1234,2024-11,50
S-1234-202412,1234,2024-12,50
S-1234-202501,1234,2025-01,50
S-1234-202502,1234,2025-02,50
S-1235-202502,1235,2025-02,500
S-1235-202503,1235,2025-03,500
S-1239-202405,1239,2024-05,200
S-1239-202406,1239,2024-06,200
S-1239-202407,1239,2024-07,200
S-1239-202408,1239,2024-08,200
S-1239-202409,1239,2024-09,200
S-1239-202410,1239,2024-10,200
S-1239-202411,1239,2024-11,200
S-1239-202412,1239,2024-12,200
S-1239-202501,1239,2025-01,200
S-1239-202502,1239,2025-02,200
S-1239-202503,1239,2025-03,200
S-1239-202504,1239,2025-04,200
S-1239-202505,1239,2025-05,200
S-1241-202409,1241,2024-09,200
S-1241-202410,1241,2024-10,200
S-1241-202411,1241,2024-11,200
S-1241-202412,1241,2024-12,200
S-1241-202501,1241,2025-01,200
S-1241-202502,1241,2025-02,200
S-1241-202503,1241,2025-03,200
S-1242-202503,1242,2025-03,50
S-1242-202504,1242,2025-04,50
S-1242-202505,1242,2025-05,50
S-1242-202506,1242,2025-06,50
S-1247-202405,1247,2024-05,200
S-1247-202406,1247,2024-06,200
S-1247-202407,1247,2024-07,200
S-1257-202403,1257,2024-03,500
S-1257-202404,1257,2024-04,500
S-1257-202405,1257,2024-05,500
S-1263-202501,1263,2025-01,50
S-1263-202502,1263,2025-02,50
S-1263-202503,1263,2025-03,50
S-1263-202504,1263,2025-04,50
S-1263-202505,1263,2025-05,50
S-1263-202506,1263,2025-06,50
S-1265-202403,1265,2024-03,50
S-1265-202404,1265,2024-04,50
S-1265-202405,1265,2024-05,50
S-1265-202406,1265,2024-06,50
S-1268-202405,1268,2024-05,500
S-1268-202406,1268,2024-06,500
S-1268-202407,1268,2024-07,500
S-1268-202408,1268,2024-08,500
S-1268-202409,1268,2024-09,500
S-1268-202410,1268,2024-10,500
S-1268-202411,1268,2024-11,500
S-1268-202412,1268,2024-12,500
S-1268-202501,1268,2025-01,500
S-1268-202502,1268,2025-02,500
S-1268-202503,1268,2025-03,500
S-1268-202504,1268,2025-04,500
S-1268-202505,1268,2025-05,500
S-1273-202410,1273,2024-10,200
S-1273-202411,1273,2024-11,200
S-1273-202412,1273,2024-12,200
S-1273-202501,1273,2025-01,200
S-1273-202502,1273,2025-02,200
S-1273-202503,1273,2025-03,200
S-1273-202504,1273,2025-04,200
S-1276-202502,1276,2025-02,200
S-1276-202503,1276,2025-03,200
S-1277-202506,1277,2025-06,500
S-1278-202504,1278,2025-04,500
S-1278-202505,1278,2025-05,500
S-1282-202403,1282,2024-03,200
S-1282-202404,1282,2024-04,200
S-1282-202405,1282,2024-05,200
S-1282-202406,1282,2024-06,200
S-1282-202407,1282,2024-07,200
S-1282-202408,1282,2024-08,200
S-1282-202409,1282,2024-09,200
S-1282-202410,1282,2024-10,200
S-1282-202411,1282,2024-11,200
S-1282-202412,1282,2024-12,200
S-1282-202501,1282,2025-01,200
S-1282-202502,1282,2025-02,200
S-1282-202503,1282,2025-03,200
S-1282-202504,1282,2025-04,200
S-1282-202505,1282,2025-05,200
S-1282-202506,1282,2025-06,200
S-1287-202502,1287,2025-02,50
S-1287-202503,1287,2025-03,50
S-1287-202504,1287,2025-04,50
S-1291-202407,1291,2024-07,50
S-1291-202408,1291,2024-08,50
S-1292-202404,1292,2024-04,50
S-1292-202405,1292,2024-05,50
S-1292-202406,1292,2024-06,50
S-1292-202407,1292,2024-07,50
S-1294-202403,1294,2024-03,500
S-1294-202404,1294,2024-04,500
S-1294-202405,1294,2024-05,500
S-1294-202406,1294,2024-06,500
S-1294-202407,1294,2024-07,500
S-1294-202408,1294,2024-08,500
S-1294-202409,1294,2024-09,500
S-1294-202410,1294,2024-10,500
S-1294-202411,1294,2024-11,500
S-1294-202412,1294,2024-12,500
S-1294-202501,1294,2025-01,500
S-1294-202502,1294,2025-02,500
S-1294-202503,1294,2025-03,500
S-1294-202504,1294,2025-04,500
S-1294-202505,1294,2025-05,500
S-1308-202405,1308,2024-05,50
S-1308-202406,1308,2024-06,50
S-1308-202407,1308,2024-07,50
S-1308-202408,1308,2024-08,50
S-1308-202409,1308,2024-09,50
S-1308-202410,1308,2024-10,50
S-1308-202411,1308,2024-11,50
S-1308-202412,1308,2024-12,50
S-1308-202501,1308,2025-01,50
S-1308-202502,1308,2025-02,50
S-1308-202503,1308,2025-03,50
S-1309-202408,1309,2024-08,50
S-1309-202409,1309,2024-09,50
S-1309-202410,1309,2024-10,50
S-1312-202411,1312,2024-11,50
S-1312-202412,1312,2024-12,50
S-1312-202501,1312,2025-01,50
S-1312-202502,1312,2025-02,50
S-1313-202402,1313,2024-02,500
S-1313-202403,1313,2024-03,500
S-1313-202404,1313,2024-04,500
S-1313-202405,1313,2024-05,500
S-1313-202406,1313,2024-06,500
S-1313-202407,1313,2024-07,500
S-1313-202408,1313,2024-08,500
S-1313-202409,1313,2024-09,500
S-1313-202410,1313,2024-10,500
S-1313-202411,1313,2024-11,500
S-1313-202412,1313,2024-12,500
S-1313-202501,1313,2025-01,500
S-1313-202502,1313,2025-02,500
S-1332-202501,1332,2025-01,200
S-1332-202502,1332,2025-02,200
S-1332-202503,1332,2025-03,200
S-1337-202408,1337,2024-08,50
S-1337-202409,1337,2024-09,50
S-1337-202410,1337,2024-10,50
S-1337-202411,1337,2024-11,50
S-1346-202403,1346,2024-03,200
S-1346-202404,1346,2024-04,200
S-1346-202405,1346,2024-05,200
S-1346-202406,1346,2024-06,200
S-1347-202411,1347,2024-11,50
S-1347-202412,1347,2024-12,50
S-1347-202501,1347,2025-01,50
S-1347-202502,1347,2025-02,50
S-1347-202503,1347,2025-03,50
S-1347-202504,1347,2025-04,50
S-1352-202402,1352,2024-02,500
S-1352-202403,1352,2024-03,500
S-1352-202404,1352,2024-04,500
S-1352-202405,1352,2024-05,500
S-1352-202406,1352,2024-06,500
S-1352-202407,1352,2024-07,500
S-1352-202408,1352,2024-08,500
S-1352-202409,1352,2024-09,500
S-1352-202410,1352,2024-10,500
S-1355-202412,1355,2024-12,500
S-1355-202501,1355,2025-01,500
S-1355-202502,1355,2025-02,500
S-1355-202503,1355,2025-03,500
S-1358-202406,1358,2024-06,500
S-1358-202407,1358,2024-07,500
S-1358-202408,1358,2024-08,500
S-1358-202409,1358,2024-09,500
S-1358-202410,1358,2024-10,500
S-1358-202411,1358,2024-11,500
S-1358-202412,1358,2024-12,500
S-1358-202501,1358,2025-01,500
S-1358-202502,1358,2025-02,500
S-1358-202503,1358,2025-03,500
S-1359-202504,1359,2025-04,50
S-1359-202505,1359,2025-05,50
S-1359-202506,1359,2025-06,50
S-1379-202409,1379,2024-09,50
S-1379-202410,1379,2024-10,50
S-1379-202411,1379,2024-11,50
S-1379-202412,1379,2024-12,50
S-1379-202501,1379,2025-01,50
S-1379-202502,1379,2025-02,50
S-1380-202403,1380,2024-03,200
S-1380-202404,1380,2024-04,200
S-1380-202405,1380,2024-05,200
S-1380-202406,1380,2024-06,200
S-1380-202407,1380,2024-07,200
S-1380-202408,1380,2024-08,200
S-1380-202409,1380,2024-09,200
S-1380-202410,1380,2024-10,200
S-1380-202411,1380,2024-11,200
S-1380-202412,1380,2024-12,200
S-1380-202501,1380,2025-01,200
S-1380-202502,1380,2025-02,200
S-1380-202503,1380,2025-03,200
S-1380-202504,1380,2025-04,200
S-1380-202505,1380,2025-05,200
S-1382-202504,1382,2025-04,200
S-1382-202505,1382,2025-05,200
S-1386-202404,1386,2024-04,500
S-1386-202405,1386,2024-05,500
S-1386-202406,1386,2024-06,500
S-1386-202407,1386,2024-07,500
S-1386-202408,1386,2024-08,500
S-1386-202409,1386,2024-09,500
S-1386-202410,1386,2024-10,500
S-1393-202409,1393,2024-09,500
S-1393-202410,1393,2024-10,500
S-1393-202411,1393,2024-11,500
S-1393-202412,1393,2024-12,500
S-1393-202501,1393,2025-01,500
S-1393-202502,1393,2025-02,500
S-1393-202503,1393,2025-03,500
S-1393-202504,1393,2025-04,500
S-1397-202405,1397,2024-05,50
S-1397-202406,1397,2024-06,50
S-1397-202407,1397,2024-07,50
S-1397-202408,1397,2024-08,50
S-1397-202409,1397,2024-09,50
S-1397-202410,1397,2024-10,50
S-1397-202411,1397,2024-11,50
S-1397-202412,1397,2024-12,50
S-1397-202501,1397,2025-01,50
S-1397-202502,1397,2025-02,50
S-1397-202503,1397,2025-03,50
S-1397-202504,1397,2025-04,50
S-1401-202501,1401,2025-01,500
S-1401-202502,1401,2025-02,500
S-1401-202503,1401,2025-03,500
S-1401-202504,1401,2025-04,500
S-1401-202505,1401,2025-05,500
S-1403-202503,1403,2025-03,200
S-1403-202504,1403,2025-04,200
S-1404-202504,1404,2025-04,50
S-1404-202505,1404,2025-05,50
S-1414-202502,1414,2025-02,500
S-1414-202503,1414,2025-03,500
S-1414-202504,1414,2025-04,500
S-1414-202505,1414,2025-05,500
S-1419-202501,1419,2025-01,200
S-1419-202502,1419,2025-02,200
S-1419-202503,1419,2025-03,200
S-1424-202504,1424,2025-04,500
S-1424-202505,1424,2025-05,500
S-1428-202406,1428,2024-06,500
S-1428-202407,1428,2024-07,500
S-1428-202408,1428,2024-08,500
S-1428-202409,1428,2024-09,500
S-1428-202410,1428,2024-10,500
S-1428-202411,1428,2024-11,500
S-1428-202412,1428,2024-12,500
S-1428-202501,1428,2025-01,500
S-1428-202502,1428,2025-02,500
S-1438-202503,1438,2025-03,200
S-1438-202504,1438,2025-04,200
S-1442-202501,1442,2025-01,50
S-1442-202502,1442,2025-02,50
S-1442-202503,1442,2025-03,50
S-1443-202502,1443,2025-02,500
S-1443-202503,1443,2025-03,500
S-1443-202504,1443,2025-04,500
S-1443-202505,1443,2025-05,500
S-1443-202506,1443,2025-06,500
S-1448-202406,1448,2024-06,200
S-1448-202407,1448,2024-07,200
S-1448-202408,1448,2024-08,200
S-1450-202403,1450,2024-03,50
S-1450-202404,1450,2024-04,50
S-1450-202405,1450,2024-05,50
S-1450-202406,1450,2024-06,50
S-1450-202407,1450,2024-07,50
S-1450-202408,1450,2024-08,50
S-1450-202409,1450,2024-09,50
S-1450-202410,1450,2024-10,50
S-1450-202411,1450,2024-11,50
S-1450-202412,1450,2024-12,50
S-1450-202501,1450,2025-01,50
S-1450-202502,1450,2025-02,50
S-1450-202503,1450,2025-03,50
S-1450-202504,1450,2025-04,50
S-1453-202504,1453,2025-04,500
S-1453-202505,1453,2025-05,500
S-1457-202501,1457,2025-01,500
S-1457-202502,1457,2025-02,500
S-1457-202503,1457,2025-03,500
S-1457-202504,1457,2025-04,500
S-1457-202505,1457,2025-05,500
S-1465-202409,1465,2024-09,50
S-1465-202410,1465,2024-10,50
S-1465-202411,1465,2024-11,50
S-1471-202401,1471,2024-01,200
S-1471-202402,1471,2024-02,200
S-1471-202403,1471,2024-03,200
S-1471-202404,1471,2024-04,200
S-1471-202405,1471,2024-05,200
S-1475-202408,1475,2024-08,200
S-1475-202409,1475,2024-09,200
S-1475-202410,1475,2024-10,200
S-1475-202411,1475,2024-11,200
S-1475-202412,1475,2024-12,200
S-1475-202501,1475,2025-01,200
S-1475-202502,1475,2025-02,200
S-1475-202503,1475,2025-03,200
S-1478-202403,1478,2024-03,200
S-1478-202404,1478,2024-04,200
S-1478-202405,1478,2024-05,200
S-1478-202406,1478,2024-06,200
S-1478-202407,1478,2024-07,200
S-1478-202408,1478,2024-08,200
S-1478-202409,1478,2024-09,200
S-1501-202503,1501,2025-03,500
S-1501-202504,1501,2025-04,500
S-1501-202505,1501,2025-05,500
S-1510-202401,1510,2024-01,500
S-1510-202402,1510,2024-02,500
S-1510-202403,1510,2024-03,500
S-1510-202404,1510,2024-04,500
S-1510-202405,1510,2024-05,500
S-1510-202406,1510,2024-06,500
S-1510-202407,1510,2024-07,500
S-1510-202408,1510,2024-08,500
S-1510-202409,1510,2024-09,500
S-1510-202410,1510,2024-10,500
S-1510-202411,1510,2024-11,500
S-1519-202402,1519,2024-02,500
S-1519-202403,1519,2024-03,500
S-1519-202404,1519,2024-04,500
S-1519-202405,1519,2024-05,500
S-1519-202406,1519,2024-06,500
S-1519-202407,1519,2024-07,500
S-1519-202408,1519,2024-08,500
S-1519-202409,1519,2024-09,500
S-1519-202410,1519,2024-10,500
S-1519-202411,1519,2024-11,500
S-1519-202412,1519,2024-12,500
S-1519-202501,1519,2025-01,500
S-1519-202502,1519,2025-02,500
S-1519-202503,1519,2025-03,500
S-1519-202504,1519,2025-04,500
S-1519-202505,1519,2025-05,500
S-1525-202502,1525,2025-02,500
S-1525-202503,1525,2025-03,500
S-1525-202504,1525,2025-04,500
S-1544-202411,1544,2024-11,200
S-1544-202412,1544,2024-12,200
S-1544-202501,1544,2025-01,200
S-1544-202502,1544,2025-02,200
S-1544-202503,1544,2025-03,200
S-1544-202504,1544,2025-04,200
S-1552-202407,1552,2024-07,500
S-1552-202408,1552,2024-08,500
S-1552-202409,1552,2024-09,500
S-1552-202410,1552,2024-10,500
S-1552-202411,1552,2024-11,500
S-1552-202412,1552,2024-12,500
S-1552-202501,1552,2025-01,500
S-1552-202502,1552,2025-02,500
S-1552-202503,1552,2025-03,500
S-1557-202503,1557,2025-03,500
S-1557-202504,1557,2025-04,500
S-1558-202402,1558,2024-02,500
S-1558-202403,1558,2024-03,500
S-1565-202403,1565,2024-03,200
S-1565-202404,1565,2024-04,200
S-1565-202405,1565,2024-05,200
S-1570-202402,1570,2024-02,500
S-1570-202403,1570,2024-03,500
S-1570-202404,1570,2024-04,500
S-1570-202405,1570,2024-05,500
S-1570-202406,1570,2024-06,500
S-1570-202407,1570,2024-07,500
S-1570-202408,1570,2024-08,500
S-1570-202409,1570,2024-09,500
S-1570-202410,1570,2024-10,500
S-1570-202411,1570,2024-11,500
S-1570-202412,1570,2024-12,500
S-1570-202501,1570,2025-01,500
S-1570-202502,1570,2025-02,500
S-1570-202503,1570,2025-03,500
S-1576-202406,1576,2024-06,200
S-1576-202407,1576,2024-07,200
S-1576-202408,1576,2024-08,200
S-1576-202409,1576,2024-09,200
S-1576-202410,1576,2024-10,200
S-1576-202411,1576,2024-11,200
S-1576-202412,1576,2024-12,200
S-1576-202501,1576,2025-01,200
S-1576-202502,1576,2025-02,200
S-1576-202503,1576,2025-03,200
S-1579-202502,1579,2025-02,50
S-1579-202503,1579,2025-03,50
S-1579-202504,1579,2025-04,50
S-1586-202502,1586,2025-02,200
S-1586-202503,1586,2025-03,200
S-1586-202504,1586,2025-04,200
S-1586-202505,1586,2025-05,200
S-1586-202506,1586,2025-06,200
S-1593-202505,1593,2025-05,50
S-1595-202405,1595,2024-05,200
S-1595-202406,1595,2024-06,200
S-1595-202407,1595,2024-07,200
S-1595-202408,1595,2024-08,200
S-1599-202406,1599,2024-06,200
S-1599-202407,1599,2024-07,200
S-1599-202408,1599,2024-08,200
S-1599-202409,1599,2024-09,200
S-1599-202410,1599,2024-10,200
S-1599-202411,1599,2024-11,200
S-1599-202412,1599,2024-12,200
S-1599-202501,1599,2025-01,200
S-1599-202502,1599,2025-02,200
S-1602-202506,1602,2025-06,50
S-1607-202503,1607,2025-03,200
S-1607-202504,1607,2025-04,200
S-1607-202505,1607,2025-05,200
S-1616-202404,1616,2024-04,500
S-1616-202405,1616,2024-05,500
S-1616-202406,1616,2024-06,500
S-1616-202407,1616,2024-07,500
S-1616-202408,1616,2024-08,500
S-1616-202409,1616,2024-09,500
S-1616-202410,1616,2024-10,500
S-1616-202411,1616,2024-11,500
S-1616-202412,1616,2024-12,500
S-1616-202501,1616,2025-01,500
S-1616-202502,1616,2025-02,500
S-1616-202503,1616,2025-03,500
S-1617-202401,1617,2024-01,50
S-1617-202402,1617,2024-02,50
S-1617-202403,1617,2024-03,50
S-1617-202404,1617,2024-04,50
S-1617-202405,1617,2024-05,50
S-1617-202406,1617,2024-06,50
S-1617-202407,1617,2024-07,50
S-1617-202408,1617,2024-08,50
S-1617-202409,1617,2024-09,50
S-1617-202410,1617,2024-10,50
S-1617-202411,1617,2024-11,50
S-1617-202412,1617,2024-12,50
S-1617-202501,1617,2025-01,50
S-1617-202502,1617,2025-02,50
S-1624-202407,1624,2024-07,500
S-1624-202408,1624,2024-08,500
S-1629-202411,1629,2024-11,200
S-1629-202412,1629,2024-12,200
S-1629-202501,1629,2025-01,200
S-1629-202502,1629,2025-02,200
S-1629-202503,1629,2025-03,200
S-1629-202504,1629,2025-04,200
S-1656-202410,1656,2024-10,200
S-1656-202411,1656,2024-11,200
S-1656-202412,1656,2024-12,200
S-1656-202501,1656,2025-01,200
S-1672-202408,1672,2024-08,50
S-1672-202409,1672,2024-09,50
S-1683-202403,1683,2024-03,200
S-1683-202404,1683,2024-04,200
S-1683-202405,1683,2024-05,200
S-1683-202406,1683,2024-06,200
S-1683-202407,1683,2024-07,200
S-1683-202408,1683,2024-08,200
S-1683-202409,1683,2024-09,200
S-1683-202410,1683,2024-10,200
S-1683-202411,1683,2024-11,200
S-1683-202412,1683,2024-12,200
S-1683-202501,1683,2025-01,200
S-1683-202502,1683,2025-02,200
S-1683-202503,1683,2025-03,200
S-1683-202504,1683,2025-04,200
S-1683-202505,1683,2025-05,200
S-1683-202506,1683,2025-06,200
S-1686-202404,1686,2024-04,50
S-1686-202405,1686,2024-05,50
S-1686-202406,1686,2024-06,50
S-1686-202407,1686,2024-07,50
S-1686-202408,1686,2024-08,50
S-1686-202409,1686,2024-09,50
S-1686-202410,1686,2024-10,50
S-1686-202411,1686,2024-11,50
S-1686-202412,1686,2024-12,50
S-1686-202501,1686,2025-01,50
S-1686-202502,1686,2025-02,50
S-1686-202503,1686,2025-03,50
S-1686-202504,1686,2025-04,50
S-1697-202504,1697,2025-04,50
S-1697-202505,1697,2025-05,50
S-1709-202407,1709,2024-07,200
S-1709-202408,1709,2024-08,200
S-1709-202409,1709,2024-09,200
S-1709-202410,1709,2024-10,200
S-1709-202411,1709,2024-11,200
S-1709-202412,1709,2024-12,200
S-1709-202501,1709,2025-01,200
S-1709-202502,1709,2025-02,200
S-1713-202409,1713,2024-09,500
S-1713-202410,1713,2024-10,500
S-1714-202407,1714,2024-07,500
S-1714-202408,1714,2024-08,500
S-1717-202506,1717,2025-06,50
S-1721-202410,1721,2024-10,50
S-1721-202411,1721,2024-11,50
S-1721-202412,1721,2024-12,50
S-1721-202501,1721,2025-01,50
S-1721-202502,1721,2025-02,50
S-1721-202503,1721,2025-03,50
S-1724-202411,1724,2024-11,500
S-1724-202412,1724,2024-12,500
S-1724-202501,1724,2025-01,500
S-1724-202502,1724,2025-02,500
S-1724-202503,1724,2025-03,500
S-1726-202503,1726,2025-03,50
S-1726-202504,1726,2025-04,50
S-1727-202501,1727,2025-01,200
S-1727-202502,1727,2025-02,200
S-1727-202503,1727,2025-03,200
S-1727-202504,1727,2025-04,200
S-1727-202505,1727,2025-05,200
S-1727-202506,1727,2025-06,200
S-1736-202412,1736,2024-12,500
S-1736-202501,1736,2025-01,500
S-1736-202502,1736,2025-02,500
S-1737-202406,1737,2024-06,200
S-1737-202407,1737,2024-07,200
S-1737-202408,1737,2024-08,200
S-1737-202409,1737,2024-09,200
S-1737-202410,1737,2024-10,200
S-1747-202405,1747,2024-05,200
S-1747-202406,1747,2024-06,200
S-1747-202407,1747,2024-07,200
S-1750-202410,1750,2024-10,500
S-1750-202411,1750,2024-11,500
S-1750-202412,1750,2024-12,500
S-1750-202501,1750,2025-01,500
S-1750-202502,1750,2025-02,500
S-1750-202503,1750,2025-03,500
S-1750-202504,1750,2025-04,500
S-1759-202405,1759,2024-05,200
S-1759-202406,1759,2024-06,200
S-1759-202407,1759,2024-07,200
S-1759-202408,1759,2024-08,200
S-1759-202409,1759,2024-09,200
S-1759-202410,1759,2024-10,200
S-1759-202411,1759,2024-11,200
S-1759-202412,1759,2024-12,200
S-1764-202412,1764,2024-12,500
S-1764-202501,1764,2025-01,500
S-1765-202406,1765,2024-06,50
S-1765-202407,1765,2024-07,50
S-1765-202408,1765,2024-08,50
S-1765-202409,1765,2024-09,50
S-1765-202410,1765,2024-10,50
S-1765-202411,1765,2024-11,50
S-1767-202412,1767,2024-12,200
S-1767-202501,1767,2025-01,200
S-1767-202502,1767,2025-02,200
S-1767-202503,1767,2025-03,200
S-1768-202506,1768,2025-06,200
S-1791-202505,1791,2025-05,200
S-1806-202412,1806,2024-12,500
S-1806-202501,1806,2025-01,500
S-1806-202502,1806,2025-02,500
S-1806-202503,1806,2025-03,500
S-1807-202412,1807,2024-12,50
S-1807-202501,1807,2025-01,50
S-1807-202502,1807,2025-02,50
S-1807-202503,1807,2025-03,50
S-1810-202412,1810,2024-12,500
S-1810-202501,1810,2025-01,500
S-1810-202502,1810,2025-02,500
S-1810-202503,1810,2025-03,500
S-1817-202404,1817,2024-04,500
S-1817-202405,1817,2024-05,500
S-1822-202502,1822,2025-02,50
S-1822-202503,1822,2025-03,50
S-1824-202505,1824,2025-05,200
S-1834-202503,1834,2025-03,200
S-1834-202504,1834,2025-04,200
S-1834-202505,1834,2025-05,200
S-1844-202402,1844,2024-02,50
S-1844-202403,1844,2024-03,50
S-1844-202404,1844,2024-04,50
S-1844-202405,1844,2024-05,50
S-1844-202406,1844,2024-06,50
S-1844-202407,1844,2024-07,50
S-1844-202408,1844,2024-08,50
S-1844-202409,1844,2024-09,50
S-1844-202410,1844,2024-10,50
S-1844-202411,1844,2024-11,50
S-1844-202412,1844,2024-12,50
S-1844-202501,1844,2025-01,50
S-1844-202502,1844,2025-02,50
S-1844-202503,1844,2025-03,50
S-1876-202412,1876,2024-12,50
S-1876-202501,1876,2025-01,50
S-1876-202502,1876,2025-02,50
S-1876-202503,1876,2025-03,50
S-1876-202504,1876,2025-04,50
S-1876-202505,1876,2025-05,50
S-1883-202502,1883,2025-02,50
S-1883-202503,1883,2025-03,50
S-1889-202401,1889,2024-01,50
S-1889-202402,1889,2024-02,50
S-1889-202403,1889,2024-03,50
S-1889-202404,1889,2024-04,50
S-1889-202405,1889,2024-05,50
S-1889-202406,1889,2024-06,50
S-1889-202407,1889,2024-07,50
S-1889-202408,1889,2024-08,50
S-1889-202409,1889,2024-09,50
S-1889-202410,1889,2024-10,50
S-1896-202503,1896,2025-03,50
S-1896-202504,1896,2025-04,50
S-1896-202505,1896,2025-05,50
S-1896-202506,1896,2025-06,50
S-1899-202401,1899,2024-01,200
S-1899-202402,1899,2024-02,200
S-1899-202403,1899,2024-03,200
S-1899-202404,1899,2024-04,200
S-1899-202405,1899,2024-05,200
S-1899-202406,1899,2024-06,200
S-1899-202407,1899,2024-07,200
S-1899-202408,1899,2024-08,200
S-1899-202409,1899,2024-09,200
S-1899-202410,1899,2024-10,200
S-1899-202411,1899,2024-11,200
S-1899-202412,1899,2024-12,200
S-1900-202503,1900,2025-03,50
S-1900-202504,1900,2025-04,50
S-1918-202406,1918,2024-06,200
S-1918-202407,1918,2024-07,200
S-1918-202408,1918,2024-08,200
S-1918-202409,1918,2024-09,200
S-1918-202410,1918,2024-10,200
S-1918-202411,1918,2024-11,200
S-1924-202410,1924,2024-10,50
S-1924-202411,1924,2024-11,50
S-1924-202412,1924,2024-12,50
S-1924-202501,1924,2025-01,50
S-1924-202502,1924,2025-02,50
S-1924-202503,1924,2025-03,50
S-1924-202504,1924,2025-04,50
S-1924-202505,1924,2025-05,50
S-1929-202409,1929,2024-09,500
S-1929-202410,1929,2024-10,500
S-1929-202411,1929,2024-11,500
S-1951-202405,1951,2024-05,50
S-1951-202406,1951,2024-06,50
S-1951-202407,1951,2024-07,50
S-1951-202408,1951,2024-08,50
S-1951-202409,1951,2024-09,50
S-1951-202410,1951,2024-10,50
S-1953-202506,1953,2025-06,50
S-1965-202401,1965,2024-01,50
S-1965-202402,1965,2024-02,50
S-1965-202403,1965,2024-03,50
S-1965-202404,1965,2024-04,50
S-1965-202405,1965,2024-05,50
S-1965-202406,1965,2024-06,50
S-1965-202407,1965,2024-07,50
S-1965-202408,1965,2024-08,50
S-1965-202409,1965,2024-09,50
S-1965-202410,1965,2024-10,50
S-1965-202411,1965,2024-11,50
S-1965-202412,1965,2024-12,50
S-1965-202501,1965,2025-01,50
S-1965-202502,1965,2025-02,50
S-1965-202503,1965,2025-03,50
S-1965-202504,1965,2025-04,50
S-1965-202505,1965,2025-05,50
S-1970-202412,1970,2024-12,200
S-1970-202501,1970,2025-01,200
S-1970-202502,1970,2025-02,200
S-1970-202503,1970,2025-03,200
S-1970-202504,1970,2025-04,200
S-1970-202505,1970,2025-05,200
S-1970-202506,1970,2025-06,200
S-1975-202402,1975,2024-02,50
S-1975-202403,1975,2024-03,50
S-1975-202404,1975,2024-04,50
S-1975-202405,1975,2024-05,50
S-1975-202406,1975,2024-06,50
S-1982-202406,1982,2024-06,50
S-1982-202407,1982,2024-07,50
S-1982-202408,1982,2024-08,50
S-1982-202409,1982,2024-09,50
S-1982-202410,1982,2024-10,50
S-1982-202411,1982,2024-11,50
S-1982-202412,1982,2024-12,50
S-1982-202501,1982,2025-01,50
S-1982-202502,1982,2025-02,50
S-1982-202503,1982,2025-03,50
S-1982-202504,1982,2025-04,50
S-1982-202505,1982,2025-05,50
S-1986-202406,1986,2024-06,500
S-1986-202407,1986,2024-07,500
S-1986-202408,1986,2024-08,500
S-1986-202409,1986,2024-09,500
S-1986-202410,1986,2024-10,500
S-1988-202411,1988,2024-11,500
S-1988-202412,1988,2024-12,500
S-1988-202501,1988,2025-01,500
S-1988-202502,1988,2025-02,500
S-1988-202503,1988,2025-03,500
S-1999-202504,1999,2025-04,500
S-1999-202505,1999,2025-05,500
